n,level,wall_seconds,internal_seconds,sampled_rows_per_second,measured_gain_vs_original_rust,projected_native_prepared_seconds,projected_native_prepared_multiplier,projected_full_cli_seconds,projected_full_cli_multiplier,projected_sklearn_seconds,projected_sklearn_multiplier,score_cache_entries,valid_rows,failed_rows,peak_rss_kib,stable_output_sha256
100000,original,0.5607616290000124,0.555648832,178328.8920433566,1.0,625.4395732138454,1115.3394613129487,1565.223180517771,2791.2451558231287,368.47389216726816,657.095409370922,71979,72832,27168,50932,4eddd34d5a1c2c5b922e8242538fd6acf927eb436022a83dc67c1f0a2370ba8d
100000,bounds,0.20036377799999627,0.195253384,499092.2061771158,2.798717585570895,625.4395732138454,3121.5201642577185,1565.223180517771,7811.906903241763,368.47389216726816,1839.0244776043053,71979,72832,27168,51144,4eddd34d5a1c2c5b922e8242538fd6acf927eb436022a83dc67c1f0a2370ba8d
100000,compact,0.1792162899999994,0.174153853,557984.9912081114,3.1289657262741812,625.4395732138454,3489.858947609325,1565.223180517771,8733.710426199406,368.47389216726816,2056.029014813717,71979,72832,27168,39696,4eddd34d5a1c2c5b922e8242538fd6acf927eb436022a83dc67c1f0a2370ba8d
100000,intrinsics,0.1694729220000113,0.164045887,590064.7656266488,3.308856791883101,625.4395732138454,3690.4985518205895,1565.223180517771,9235.830491656163,368.47389216726816,2174.2346082121817,71979,72832,27168,39664,4eddd34d5a1c2c5b922e8242538fd6acf927eb436022a83dc67c1f0a2370ba8d
100000,assembly,0.16507793599998877,0.159533038,605774.4749123033,3.396950813584503,625.4395732138454,3788.7532905299227,1565.223180517771,9481.72250298718,368.47389216726816,2232.1207854651952,71979,72832,27168,39740,4eddd34d5a1c2c5b922e8242538fd6acf927eb436022a83dc67c1f0a2370ba8d
1000000,original,4.725523362999979,4.719111677,211616.77198124232,1.0,6253.311303208239,1323.3055521787433,15639.546052639675,3309.5902509115886,3683.575255504325,779.5063049198052,648130,728102,271898,256556,db222bee26aaa49eca5aadb3b5e4de724bdca0b56578b704ef3bfcd94bd50c21
1000000,bounds,1.1030103109999914,1.095989387,906609.8385729486,4.284205973302108,6253.311303208239,5669.313551148017,15639.546052639675,14178.96632213785,3683.575255504325,3339.565567764084,648130,728102,271898,256852,db222bee26aaa49eca5aadb3b5e4de724bdca0b56578b704ef3bfcd94bd50c21
1000000,compact,0.5615765170000486,0.552658323,1780701.2396850516,8.414745310654737,6253.311303208239,11135.279189759456,15639.546052639675,27849.359044046923,3683.575255504325,6559.347023949732,648130,728102,271898,55316,db222bee26aaa49eca5aadb3b5e4de724bdca0b56578b704ef3bfcd94bd50c21
1000000,intrinsics,0.30678537299996833,0.301645155,3259607.8170914077,15.40335289388281,6253.311303208239,20383.342406643635,15639.546052639675,50978.78656894535,3683.575255504325,12007.010697686377,648130,728102,271898,55300,db222bee26aaa49eca5aadb3b5e4de724bdca0b56578b704ef3bfcd94bd50c21
1000000,assembly,0.30924805600000127,0.302768558,3233650.0766879385,15.280688985155528,6253.311303208239,20221.020575172875,15639.546052639675,50572.81929248283,3683.575255504325,11911.393407447353,648130,728102,271898,55312,db222bee26aaa49eca5aadb3b5e4de724bdca0b56578b704ef3bfcd94bd50c21
10000000,original,24.161463335000008,24.152301234,413882.2165424939,1.0,62532.02860315218,2588.0894603171255,156382.77477385872,6472.404945247024,36834.588888874896,1524.5181294759059,2902005,7278517,2721483,961584,9b146ccf38109bf6dca70fcd610fc608b65e9d7a1ee3c9d31f64cd75cfe84b79
10000000,bounds,7.646081794999986,7.639409843,1307859.4067015233,3.1599797102353717,62532.02860315218,8178.310182876129,156382.77477385872,20452.66830340768,36834.588888874896,4817.446357029844,2902005,7278517,2721483,961804,9b146ccf38109bf6dca70fcd610fc608b65e9d7a1ee3c9d31f64cd75cfe84b79
10000000,compact,2.353932971000006,2.346259373,4248209.325923059,10.26429538676951,62532.02860315218,26564.914708079858,156382.77477385872,66434.6762208032,36834.588888874896,15648.104403426023,2902005,7278517,2721483,75792,9b146ccf38109bf6dca70fcd610fc608b65e9d7a1ee3c9d31f64cd75cfe84b79
10000000,intrinsics,1.4186296290000087,1.41110734,7049056.212824904,17.031551323252295,62532.02860315218,44079.17847255945,156382.77477385872,110235.09700984665,36834.588888874896,25964.90876539748,2902005,7278517,2721483,75792,9b146ccf38109bf6dca70fcd610fc608b65e9d7a1ee3c9d31f64cd75cfe84b79
10000000,assembly,1.4032220440000174,1.3971134,7126455.889685179,17.218560268712334,62532.02860315218,44563.1743532896,156382.77477385872,111445.49463324764,36834.588888874896,26250.007293125476,2902005,7278517,2721483,75792,9b146ccf38109bf6dca70fcd610fc608b65e9d7a1ee3c9d31f64cd75cfe84b79
100000000,original,60.676058660000024,60.668106633,1648096.5014611904,1.0,625319.2016025917,10305.86388457736,1563815.0619860492,25773.181325915222,368344.7252225806,6070.676529710186,3364062,72783536,27216464,961552,674ce0b7de1555a639a07de6e91102cac530f63121ff3580f4de2476f0afe97f
100000000,bounds,38.52503486500001,38.517075877,2595714.7177263163,1.5749773847738737,625319.2016025917,16231.502548767168,1563815.0619860492,40592.1777219928,368344.7252225806,9561.178244571083,3364062,72783536,27216464,961796,674ce0b7de1555a639a07de6e91102cac530f63121ff3580f4de2476f0afe97f
100000000,compact,12.046392609999998,12.037729932,8301240.316290839,5.036865443820201,625319.2016025917,51909.24966894233,1563815.0619860492,129816.04639781447,368344.7252225806,30577.18083310757,3364062,72783536,27216464,79604,674ce0b7de1555a639a07de6e91102cac530f63121ff3580f4de2476f0afe97f
100000000,intrinsics,10.690219307000007,10.683646248,9354345.044588517,5.675847886513334,625319.2016025917,58494.51574797251,1563815.0619860492,146284.65675742083,368344.7252225806,34456.23655086166,3364062,72783536,27216464,79600,674ce0b7de1555a639a07de6e91102cac530f63121ff3580f4de2476f0afe97f
100000000,assembly,10.771434460000023,10.762042672,9283814.55333107,5.633052764264779,625319.2016025917,58053.47504315506,1563815.0619860492,145181.6903118441,368344.7252225806,34196.44120664128,3364062,72783536,27216464,79636,674ce0b7de1555a639a07de6e91102cac530f63121ff3580f4de2476f0afe97f
1000000000,original,396.034368329,396.028410224,2525033.380863713,1.0,6253190.931596986,15789.51583919665,15638137.934107954,39486.82029817369,3683446.0885596373,9300.824330224961,3364062,727869685,272130315,961648,f901e386c12365fa14f9dd2e3029e13e6b51602237971d50ada601065c2612a6
1000000000,bounds,358.84424609300004,358.836856573,2786724.3543340378,1.103638619375721,6253190.931596986,17425.91946138207,15638137.934107954,43579.179837413605,3683446.0885596373,10264.74892286559,3364062,727869685,272130315,961832,f901e386c12365fa14f9dd2e3029e13e6b51602237971d50ada601065c2612a6
1000000000,compact,105.12126994000005,105.114792861,9512822.672050755,3.767404717951411,6253190.931596986,59485.49646675799,15638137.934107954,148762.8330882391,3683446.0885596373,35039.969462526795,3364062,727869685,272130315,79672,f901e386c12365fa14f9dd2e3029e13e6b51602237971d50ada601065c2612a6
1000000000,intrinsics,98.87449782399995,98.868125417,10113831.39239842,4.00542482687452,6253190.931596986,63243.71874664672,15638137.934107954,158161.4903566376,3683446.0885596373,37253.75268268163,3364062,727869685,272130315,79604,f901e386c12365fa14f9dd2e3029e13e6b51602237971d50ada601065c2612a6
1000000000,assembly,98.28687891499993,98.280712774,10174298.045060685,4.029371699466588,6253190.931596986,63621.82827073841,15638137.934107954,159107.0762113839,3683446.0885596373,37476.47833791874,3364062,727869685,272130315,79672,f901e386c12365fa14f9dd2e3029e13e6b51602237971d50ada601065c2612a6
